time_local,time_utc,ts,symbol,O,H,L,C,age_sec,tz_off_h,skew_sec
2026-02-13 01:39:00,2026-02-13 00:39:00,1770943140,CADCHF_otc,0.51350,0.51391,0.51307,0.51357,2324,2,0
2026-02-13 01:40:00,2026-02-13 00:40:00,1770943200,CADCHF_otc,0.51357,0.51383,0.51316,0.51329,2264,2,0
2026-02-13 01:41:00,2026-02-13 00:41:00,1770943260,CADCHF_otc,0.51326,0.51326,0.51143,0.51211,2204,2,0
2026-02-13 01:42:00,2026-02-13 00:42:00,1770943320,CADCHF_otc,0.51214,0.51331,0.51203,0.51292,2144,2,0
2026-02-13 01:43:00,2026-02-13 00:43:00,1770943380,CADCHF_otc,0.51295,0.51307,0.51207,0.51222,2084,2,0
2026-02-13 01:44:00,2026-02-13 00:44:00,1770943440,CADCHF_otc,0.51222,0.51262,0.51149,0.51149,2024,2,0
2026-02-13 01:45:00,2026-02-13 00:45:00,1770943500,CADCHF_otc,0.51149,0.51153,0.51079,0.51149,1964,2,0
2026-02-13 01:46:00,2026-02-13 00:46:00,1770943560,CADCHF_otc,0.51154,0.51202,0.51063,0.51091,1904,2,0
2026-02-13 01:47:00,2026-02-13 00:47:00,1770943620,CADCHF_otc,0.51087,0.51186,0.51074,0.51181,1844,2,0
2026-02-13 01:48:00,2026-02-13 00:48:00,1770943680,CADCHF_otc,0.51179,0.51244,0.51167,0.51211,1784,2,0
2026-02-13 01:49:00,2026-02-13 00:49:00,1770943740,CADCHF_otc,0.51211,0.51279,0.51187,0.51269,1724,2,0
2026-02-13 01:50:00,2026-02-13 00:50:00,1770943800,CADCHF_otc,0.51265,0.51315,0.51241,0.51306,1664,2,0
2026-02-13 01:51:00,2026-02-13 00:51:00,1770943860,CADCHF_otc,0.51301,0.51425,0.51286,0.51327,1604,2,0
2026-02-13 01:52:00,2026-02-13 00:52:00,1770943920,CADCHF_otc,0.51319,0.51430,0.51297,0.51404,1544,2,0
2026-02-13 01:53:00,2026-02-13 00:53:00,1770943980,CADCHF_otc,0.51408,0.51505,0.51394,0.51474,1484,2,0
2026-02-13 01:54:00,2026-02-13 00:54:00,1770944040,CADCHF_otc,0.51468,0.51518,0.51444,0.51481,1424,2,0
2026-02-13 01:55:00,2026-02-13 00:55:00,1770944100,CADCHF_otc,0.51483,0.51694,0.51465,0.51672,1364,2,0
2026-02-13 01:56:00,2026-02-13 00:56:00,1770944160,CADCHF_otc,0.51669,0.51684,0.51589,0.51662,1304,2,0
2026-02-13 01:57:00,2026-02-13 00:57:00,1770944220,CADCHF_otc,0.51665,0.51850,0.51665,0.51802,1244,2,0
2026-02-13 01:58:00,2026-02-13 00:58:00,1770944280,CADCHF_otc,0.51810,0.51906,0.51764,0.51847,1184,2,0
2026-02-13 01:59:00,2026-02-13 00:59:00,1770944340,CADCHF_otc,0.51842,0.51872,0.51809,0.51819,1124,2,0
2026-02-13 02:00:00,2026-02-13 01:00:00,1770944400,CADCHF_otc,0.51814,0.51814,0.51623,0.51638,1064,2,0
2026-02-13 02:01:00,2026-02-13 01:01:00,1770944460,CADCHF_otc,0.51638,0.51723,0.51632,0.51666,1004,2,0
2026-02-13 02:02:00,2026-02-13 01:02:00,1770944520,CADCHF_otc,0.51666,0.51784,0.51663,0.51698,944,2,0
2026-02-13 02:03:00,2026-02-13 01:03:00,1770944580,CADCHF_otc,0.51698,0.51794,0.51667,0.51794,884,2,0
2026-02-13 02:04:00,2026-02-13 01:04:00,1770944640,CADCHF_otc,0.51797,0.51856,0.51763,0.51779,824,2,0
2026-02-13 02:05:00,2026-02-13 01:05:00,1770944700,CADCHF_otc,0.51777,0.51790,0.51632,0.51633,764,2,0
2026-02-13 02:06:00,2026-02-13 01:06:00,1770944760,CADCHF_otc,0.51633,0.51757,0.51627,0.51696,704,2,0
2026-02-13 02:07:00,2026-02-13 01:07:00,1770944820,CADCHF_otc,0.51696,0.51770,0.51660,0.51689,644,2,0
2026-02-13 02:08:00,2026-02-13 01:08:00,1770944880,CADCHF_otc,0.51689,0.51737,0.51523,0.51534,584,2,0
2026-02-13 02:09:00,2026-02-13 01:09:00,1770944940,CADCHF_otc,0.51537,0.51537,0.51479,0.51515,524,2,0
2026-02-13 02:10:00,2026-02-13 01:10:00,1770945000,CADCHF_otc,0.51521,0.51558,0.51481,0.51535,464,2,0
2026-02-13 02:11:00,2026-02-13 01:11:00,1770945060,CADCHF_otc,0.51535,0.51539,0.51426,0.51531,404,2,0
2026-02-13 02:12:00,2026-02-13 01:12:00,1770945120,CADCHF_otc,0.51531,0.51537,0.51400,0.51402,344,2,0
2026-02-13 02:13:00,2026-02-13 01:13:00,1770945180,CADCHF_otc,0.51398,0.51514,0.51384,0.51508,284,2,0
2026-02-13 02:14:00,2026-02-13 01:14:00,1770945240,CADCHF_otc,0.51505,0.51527,0.51459,0.51466,224,2,0
2026-02-13 02:15:00,2026-02-13 01:15:00,1770945300,CADCHF_otc,0.51460,0.51460,0.51369,0.51394,164,2,0
2026-02-13 02:16:00,2026-02-13 01:16:00,1770945360,CADCHF_otc,0.51390,0.51477,0.51371,0.51426,104,2,0
2026-02-13 02:17:00,2026-02-13 01:17:00,1770945420,CADCHF_otc,0.51426,0.51442,0.51392,0.51413,44,2,0
2026-02-13 02:18:00,2026-02-13 01:18:00,1770945480,CADCHF_otc,0.51407,0.51488,0.51390,0.51476,3,2,0
2026-02-13 02:19:00,2026-02-13 01:19:00,1770945540,CADCHF_otc,0.51479,0.51482,0.51409,0.51420,3,2,0
2026-02-13 11:00:00,2026-02-13 10:00:00,1770976800,CADCHF_otc,0.50626,0.50673,0.50555,0.50575,2330,2,0
2026-02-13 11:01:00,2026-02-13 10:01:00,1770976860,CADCHF_otc,0.50565,0.50565,0.50438,0.50470,2270,2,0
2026-02-13 11:02:00,2026-02-13 10:02:00,1770976920,CADCHF_otc,0.50462,0.50534,0.50462,0.50505,2210,2,0
2026-02-13 11:03:00,2026-02-13 10:03:00,1770976980,CADCHF_otc,0.50498,0.50541,0.50479,0.50497,2150,2,0
2026-02-13 11:04:00,2026-02-13 10:04:00,1770977040,CADCHF_otc,0.50497,0.50513,0.50292,0.50306,2090,2,0
2026-02-13 11:05:00,2026-02-13 10:05:00,1770977100,CADCHF_otc,0.50308,0.50320,0.50226,0.50257,2030,2,0
2026-02-13 11:06:00,2026-02-13 10:06:00,1770977160,CADCHF_otc,0.50253,0.50256,0.50082,0.50091,1970,2,0
2026-02-13 11:07:00,2026-02-13 10:07:00,1770977220,CADCHF_otc,0.50091,0.50258,0.50082,0.50207,1910,2,0
2026-02-13 11:08:00,2026-02-13 10:08:00,1770977280,CADCHF_otc,0.50207,0.50268,0.50159,0.50258,1850,2,0
2026-02-13 11:09:00,2026-02-13 10:09:00,1770977340,CADCHF_otc,0.50258,0.50308,0.50257,0.50305,1790,2,0
2026-02-13 11:10:00,2026-02-13 10:10:00,1770977400,CADCHF_otc,0.50305,0.50305,0.50124,0.50174,1730,2,0
2026-02-13 11:11:00,2026-02-13 10:11:00,1770977460,CADCHF_otc,0.50179,0.50213,0.50133,0.50168,1670,2,0
2026-02-13 11:12:00,2026-02-13 10:12:00,1770977520,CADCHF_otc,0.50168,0.50186,0.50081,0.50085,1610,2,0
2026-02-13 11:13:00,2026-02-13 10:13:00,1770977580,CADCHF_otc,0.50085,0.50128,0.50028,0.50128,1550,2,0
2026-02-13 11:14:00,2026-02-13 10:14:00,1770977640,CADCHF_otc,0.50128,0.50145,0.49972,0.50020,1490,2,0
2026-02-13 11:15:00,2026-02-13 10:15:00,1770977700,CADCHF_otc,0.50022,0.50118,0.50001,0.50118,1430,2,0
2026-02-13 11:16:00,2026-02-13 10:16:00,1770977760,CADCHF_otc,0.50114,0.50183,0.50101,0.50173,1370,2,0
2026-02-13 11:17:00,2026-02-13 10:17:00,1770977820,CADCHF_otc,0.50173,0.50311,0.50159,0.50265,1310,2,0
2026-02-13 11:18:00,2026-02-13 10:18:00,1770977880,CADCHF_otc,0.50265,0.50300,0.50208,0.50208,1250,2,0
2026-02-13 11:19:00,2026-02-13 10:19:00,1770977940,CADCHF_otc,0.50204,0.50312,0.50165,0.50296,1190,2,0
2026-02-13 11:20:00,2026-02-13 10:20:00,1770978000,CADCHF_otc,0.50299,0.50410,0.50299,0.50383,1130,2,0
2026-02-13 11:21:00,2026-02-13 10:21:00,1770978060,CADCHF_otc,0.50387,0.50404,0.50320,0.50365,1070,2,0
2026-02-13 11:22:00,2026-02-13 10:22:00,1770978120,CADCHF_otc,0.50365,0.50377,0.50229,0.50239,1010,2,0
2026-02-13 11:23:00,2026-02-13 10:23:00,1770978180,CADCHF_otc,0.50239,0.50318,0.50228,0.50284,950,2,0
2026-02-13 11:24:00,2026-02-13 10:24:00,1770978240,CADCHF_otc,0.50286,0.50343,0.50259,0.50277,890,2,0
2026-02-13 11:25:00,2026-02-13 10:25:00,1770978300,CADCHF_otc,0.50282,0.50293,0.50179,0.50188,830,2,0
2026-02-13 11:26:00,2026-02-13 10:26:00,1770978360,CADCHF_otc,0.50192,0.50252,0.50182,0.50185,770,2,0
2026-02-13 11:27:00,2026-02-13 10:27:00,1770978420,CADCHF_otc,0.50182,0.50191,0.50089,0.50187,710,2,0
2026-02-13 11:28:00,2026-02-13 10:28:00,1770978480,CADCHF_otc,0.50190,0.50225,0.50095,0.50095,650,2,0
2026-02-13 11:29:00,2026-02-13 10:29:00,1770978540,CADCHF_otc,0.50093,0.50123,0.50064,0.50111,590,2,0
2026-02-13 11:30:00,2026-02-13 10:30:00,1770978600,CADCHF_otc,0.50103,0.50173,0.50097,0.50115,530,2,0
2026-02-13 11:31:00,2026-02-13 10:31:00,1770978660,CADCHF_otc,0.50106,0.50213,0.50082,0.50125,470,2,0
2026-02-13 11:32:00,2026-02-13 10:32:00,1770978720,CADCHF_otc,0.50125,0.50136,0.50080,0.50116,410,2,0
2026-02-13 11:33:00,2026-02-13 10:33:00,1770978780,CADCHF_otc,0.50114,0.50117,0.50052,0.50080,350,2,0
2026-02-13 11:34:00,2026-02-13 10:34:00,1770978840,CADCHF_otc,0.50080,0.50188,0.50080,0.50137,290,2,0
2026-02-13 11:35:00,2026-02-13 10:35:00,1770978900,CADCHF_otc,0.50137,0.50139,0.50082,0.50121,230,2,0
2026-02-13 11:36:00,2026-02-13 10:36:00,1770978960,CADCHF_otc,0.50117,0.50232,0.50117,0.50187,170,2,0
2026-02-13 11:37:00,2026-02-13 10:37:00,1770979020,CADCHF_otc,0.50182,0.50188,0.50060,0.50107,110,2,0
2026-02-13 11:38:00,2026-02-13 10:38:00,1770979080,CADCHF_otc,0.50107,0.50239,0.50105,0.50210,50,2,0
2026-02-13 11:39:00,2026-02-13 10:39:00,1770979140,CADCHF_otc,0.50210,0.50270,0.50066,0.50079,3,2,0
2026-02-13 11:40:00,2026-02-13 10:40:00,1770979200,CADCHF_otc,0.50075,0.50166,0.50044,0.50127,4,2,0
2026-02-13 11:41:00,2026-02-13 10:41:00,1770979260,CADCHF_otc,0.50127,0.50163,0.50055,0.50127,3,2,0
2026-02-13 11:42:00,2026-02-13 10:42:00,1770979320,CADCHF_otc,0.50123,0.50248,0.50117,0.50200,3,2,0
2026-02-13 11:43:00,2026-02-13 10:43:00,1770979380,CADCHF_otc,0.50200,0.50235,0.50156,0.50221,3,2,0
2026-02-13 11:44:00,2026-02-13 10:44:00,1770979440,CADCHF_otc,0.50221,0.50267,0.50193,0.50223,3,2,0
2026-02-13 11:45:00,2026-02-13 10:45:00,1770979500,CADCHF_otc,0.50226,0.50287,0.50203,0.50245,3,2,0
2026-02-13 11:46:00,2026-02-13 10:46:00,1770979560,CADCHF_otc,0.50243,0.50302,0.50194,0.50194,3,2,0
2026-02-13 11:47:00,2026-02-13 10:47:00,1770979620,CADCHF_otc,0.50190,0.50290,0.50175,0.50281,3,2,0
2026-02-13 11:48:00,2026-02-13 10:48:00,1770979680,CADCHF_otc,0.50273,0.50333,0.50271,0.50319,3,2,0
2026-02-13 11:49:00,2026-02-13 10:49:00,1770979740,CADCHF_otc,0.50324,0.50367,0.50287,0.50356,3,2,0
2026-02-13 11:50:00,2026-02-13 10:50:00,1770979800,CADCHF_otc,0.50350,0.50412,0.50322,0.50397,3,2,0
2026-02-13 11:51:00,2026-02-13 10:51:00,1770979860,CADCHF_otc,0.50394,0.50599,0.50391,0.50580,3,2,0
2026-02-13 11:52:00,2026-02-13 10:52:00,1770979920,CADCHF_otc,0.50605,0.50605,0.50435,0.50439,3,2,0
2026-02-13 11:53:00,2026-02-13 10:53:00,1770979980,CADCHF_otc,0.50432,0.50459,0.50347,0.50361,3,2,0
2026-02-13 11:54:00,2026-02-13 10:54:00,1770980040,CADCHF_otc,0.50358,0.50375,0.50325,0.50334,3,2,0
2026-02-13 11:55:00,2026-02-13 10:55:00,1770980100,CADCHF_otc,0.50331,0.50331,0.50196,0.50248,3,2,0
2026-02-13 11:56:00,2026-02-13 10:56:00,1770980160,CADCHF_otc,0.50250,0.50333,0.50243,0.50256,3,2,0
2026-02-13 11:57:00,2026-02-13 10:57:00,1770980220,CADCHF_otc,0.50256,0.50299,0.50245,0.50262,3,2,0
2026-02-13 11:58:00,2026-02-13 10:58:00,1770980280,CADCHF_otc,0.50264,0.50270,0.50046,0.50046,3,2,0
2026-02-13 11:59:00,2026-02-13 10:59:00,1770980340,CADCHF_otc,0.50036,0.50121,0.49992,0.50099,3,2,0
2026-02-13 12:00:00,2026-02-13 11:00:00,1770980400,CADCHF_otc,0.50105,0.50148,0.50055,0.50103,3,2,0
2026-02-13 12:01:00,2026-02-13 11:01:00,1770980460,CADCHF_otc,0.50103,0.50143,0.50014,0.50023,3,2,0
2026-02-13 12:02:00,2026-02-13 11:02:00,1770980520,CADCHF_otc,0.50023,0.50159,0.50018,0.50117,3,2,0
2026-02-13 12:03:00,2026-02-13 11:03:00,1770980580,CADCHF_otc,0.50110,0.50168,0.50079,0.50094,3,2,0
2026-02-13 12:04:00,2026-02-13 11:04:00,1770980640,CADCHF_otc,0.50096,0.50110,0.49904,0.49907,3,2,0
2026-02-13 12:05:00,2026-02-13 11:05:00,1770980700,CADCHF_otc,0.49907,0.49997,0.49888,0.49984,3,2,0
2026-02-13 12:06:00,2026-02-13 11:06:00,1770980760,CADCHF_otc,0.49984,0.50014,0.49815,0.49825,3,2,0
2026-02-13 12:07:00,2026-02-13 11:07:00,1770980820,CADCHF_otc,0.49831,0.49837,0.49756,0.49774,3,2,0
2026-02-13 12:08:00,2026-02-13 11:08:00,1770980880,CADCHF_otc,0.49768,0.49896,0.49760,0.49877,3,2,0
2026-02-13 12:09:00,2026-02-13 11:09:00,1770980940,CADCHF_otc,0.49877,0.49911,0.49839,0.49870,3,2,0
2026-02-13 12:10:00,2026-02-13 11:10:00,1770981000,CADCHF_otc,0.49884,0.49884,0.49752,0.49779,3,2,0
2026-02-13 12:11:00,2026-02-13 11:11:00,1770981060,CADCHF_otc,0.49776,0.49776,0.49652,0.49664,3,2,0
2026-02-13 12:12:00,2026-02-13 11:12:00,1770981120,CADCHF_otc,0.49656,0.49687,0.49640,0.49669,3,2,0
2026-02-13 12:13:00,2026-02-13 11:13:00,1770981180,CADCHF_otc,0.49669,0.49773,0.49661,0.49736,3,2,0
2026-02-13 12:14:00,2026-02-13 11:14:00,1770981240,CADCHF_otc,0.49731,0.49804,0.49731,0.49787,3,2,0
2026-02-13 12:15:00,2026-02-13 11:15:00,1770981300,CADCHF_otc,0.49793,0.49807,0.49722,0.49768,4,2,0
2026-02-13 12:16:00,2026-02-13 11:16:00,1770981360,CADCHF_otc,0.49779,0.49901,0.49763,0.49874,3,2,0
2026-02-13 12:17:00,2026-02-13 11:17:00,1770981420,CADCHF_otc,0.49877,0.49882,0.49737,0.49799,4,2,0
2026-02-13 12:18:00,2026-02-13 11:18:00,1770981480,CADCHF_otc,0.49799,0.49889,0.49783,0.49871,3,2,0
2026-02-13 12:19:00,2026-02-13 11:19:00,1770981540,CADCHF_otc,0.49871,0.49883,0.49806,0.49806,3,2,0
2026-02-13 12:20:00,2026-02-13 11:20:00,1770981600,CADCHF_otc,0.49809,0.49901,0.49806,0.49897,3,2,0
2026-02-13 12:21:00,2026-02-13 11:21:00,1770981660,CADCHF_otc,0.49903,0.49909,0.49859,0.49904,3,2,0
2026-02-13 12:22:00,2026-02-13 11:22:00,1770981720,CADCHF_otc,0.49911,0.49990,0.49911,0.49990,3,2,0
2026-02-13 12:23:00,2026-02-13 11:23:00,1770981780,CADCHF_otc,0.49995,0.50062,0.49986,0.50002,4,2,0
2026-02-13 12:24:00,2026-02-13 11:24:00,1770981840,CADCHF_otc,0.50002,0.50063,0.49978,0.50022,3,2,0
2026-02-13 12:25:00,2026-02-13 11:25:00,1770981900,CADCHF_otc,0.50022,0.50028,0.49899,0.49928,3,2,0
2026-02-13 12:26:00,2026-02-13 11:26:00,1770981960,CADCHF_otc,0.49924,0.49941,0.49886,0.49918,4,2,0
2026-02-13 12:27:00,2026-02-13 11:27:00,1770982020,CADCHF_otc,0.49914,0.49962,0.49882,0.49883,3,2,0
2026-02-13 12:28:00,2026-02-13 11:28:00,1770982080,CADCHF_otc,0.49883,0.49883,0.49783,0.49811,3,2,0
2026-02-13 12:29:00,2026-02-13 11:29:00,1770982140,CADCHF_otc,0.49811,0.49856,0.49773,0.49855,3,2,0
2026-02-13 12:30:00,2026-02-13 11:30:00,1770982200,CADCHF_otc,0.49855,0.49927,0.49837,0.49837,3,2,0
2026-02-13 12:31:00,2026-02-13 11:31:00,1770982260,CADCHF_otc,0.49833,0.49861,0.49779,0.49821,3,2,0
2026-02-13 12:32:00,2026-02-13 11:32:00,1770982320,CADCHF_otc,0.49821,0.49930,0.49817,0.49912,3,2,0
2026-02-13 12:33:00,2026-02-13 11:33:00,1770982380,CADCHF_otc,0.49912,0.49920,0.49835,0.49874,3,2,0
2026-02-13 12:34:00,2026-02-13 11:34:00,1770982440,CADCHF_otc,0.49874,0.49890,0.49818,0.49864,3,2,0
2026-02-13 12:35:00,2026-02-13 11:35:00,1770982500,CADCHF_otc,0.49869,0.49869,0.49725,0.49750,3,2,0
2026-02-13 12:36:00,2026-02-13 11:36:00,1770982560,CADCHF_otc,0.49775,0.49813,0.49729,0.49743,3,2,0
2026-02-13 12:37:00,2026-02-13 11:37:00,1770982620,CADCHF_otc,0.49734,0.49824,0.49730,0.49812,3,2,0
2026-02-13 12:38:00,2026-02-13 11:38:00,1770982680,CADCHF_otc,0.49812,0.49824,0.49649,0.49752,3,2,0
2026-02-13 12:39:00,2026-02-13 11:39:00,1770982740,CADCHF_otc,0.49752,0.49764,0.49675,0.49698,3,2,0
2026-02-13 22:34:00,2026-02-13 21:34:00,1771018440,CADCHF_otc,0.55953,0.55972,0.55889,0.55914,2355,2,0
2026-02-13 22:35:00,2026-02-13 21:35:00,1771018500,CADCHF_otc,0.55914,0.55932,0.55805,0.55821,2295,2,0
2026-02-13 22:36:00,2026-02-13 21:36:00,1771018560,CADCHF_otc,0.55828,0.55866,0.55803,0.55841,2235,2,0
2026-02-13 22:37:00,2026-02-13 21:37:00,1771018620,CADCHF_otc,0.55844,0.55937,0.55844,0.55904,2175,2,0
2026-02-13 22:38:00,2026-02-13 21:38:00,1771018680,CADCHF_otc,0.55904,0.56053,0.55904,0.56016,2115,2,0
2026-02-13 22:39:00,2026-02-13 21:39:00,1771018740,CADCHF_otc,0.56016,0.56054,0.55888,0.55905,2055,2,0
2026-02-13 22:40:00,2026-02-13 21:40:00,1771018800,CADCHF_otc,0.55899,0.55931,0.55863,0.55909,1995,2,0
2026-02-13 22:41:00,2026-02-13 21:41:00,1771018860,CADCHF_otc,0.55907,0.55914,0.55808,0.55817,1935,2,0
2026-02-13 22:42:00,2026-02-13 21:42:00,1771018920,CADCHF_otc,0.55817,0.55845,0.55713,0.55730,1875,2,0
2026-02-13 22:43:00,2026-02-13 21:43:00,1771018980,CADCHF_otc,0.55733,0.55770,0.55702,0.55711,1815,2,0
2026-02-13 22:44:00,2026-02-13 21:44:00,1771019040,CADCHF_otc,0.55708,0.55772,0.55702,0.55763,1755,2,0
2026-02-13 22:45:00,2026-02-13 21:45:00,1771019100,CADCHF_otc,0.55777,0.55826,0.55775,0.55805,1695,2,0
2026-02-13 22:46:00,2026-02-13 21:46:00,1771019160,CADCHF_otc,0.55805,0.55963,0.55805,0.55898,1635,2,0
2026-02-13 22:47:00,2026-02-13 21:47:00,1771019220,CADCHF_otc,0.55893,0.55913,0.55831,0.55911,1575,2,0
2026-02-13 22:48:00,2026-02-13 21:48:00,1771019280,CADCHF_otc,0.55916,0.55964,0.55897,0.55924,1515,2,0
2026-02-13 22:49:00,2026-02-13 21:49:00,1771019340,CADCHF_otc,0.55924,0.55939,0.55818,0.55827,1455,2,0
2026-02-13 22:50:00,2026-02-13 21:50:00,1771019400,CADCHF_otc,0.55831,0.55886,0.55807,0.55858,1395,2,0
2026-02-13 22:51:00,2026-02-13 21:51:00,1771019460,CADCHF_otc,0.55860,0.55865,0.55810,0.55817,1335,2,0
2026-02-13 22:52:00,2026-02-13 21:52:00,1771019520,CADCHF_otc,0.55821,0.55866,0.55775,0.55788,1275,2,0
2026-02-13 22:53:00,2026-02-13 21:53:00,1771019580,CADCHF_otc,0.55799,0.55823,0.55728,0.55769,1215,2,0
2026-02-13 22:54:00,2026-02-13 21:54:00,1771019640,CADCHF_otc,0.55762,0.55853,0.55755,0.55843,1155,2,0
2026-02-13 22:55:00,2026-02-13 21:55:00,1771019700,CADCHF_otc,0.55843,0.55854,0.55742,0.55773,1095,2,0
2026-02-13 22:56:00,2026-02-13 21:56:00,1771019760,CADCHF_otc,0.55773,0.55776,0.55639,0.55667,1035,2,0
2026-02-13 22:57:00,2026-02-13 21:57:00,1771019820,CADCHF_otc,0.55667,0.55687,0.55619,0.55667,975,2,0
2026-02-13 22:58:00,2026-02-13 21:58:00,1771019880,CADCHF_otc,0.55667,0.55690,0.55594,0.55663,915,2,0
2026-02-13 22:59:00,2026-02-13 21:59:00,1771019940,CADCHF_otc,0.55663,0.55767,0.55663,0.55760,855,2,0
2026-02-13 23:00:00,2026-02-13 22:00:00,1771020000,CADCHF_otc,0.55760,0.55804,0.55742,0.55768,795,2,0
2026-02-13 23:01:00,2026-02-13 22:01:00,1771020060,CADCHF_otc,0.55768,0.55787,0.55625,0.55644,735,2,0
2026-02-13 23:02:00,2026-02-13 22:02:00,1771020120,CADCHF_otc,0.55644,0.55646,0.55524,0.55524,675,2,0
2026-02-13 23:03:00,2026-02-13 22:03:00,1771020180,CADCHF_otc,0.55524,0.55540,0.55444,0.55516,615,2,0
2026-02-13 23:04:00,2026-02-13 22:04:00,1771020240,CADCHF_otc,0.55516,0.55516,0.55446,0.55448,555,2,0
2026-02-13 23:05:00,2026-02-13 22:05:00,1771020300,CADCHF_otc,0.55444,0.55459,0.55377,0.55389,495,2,0
2026-02-13 23:06:00,2026-02-13 22:06:00,1771020360,CADCHF_otc,0.55389,0.55389,0.55285,0.55354,435,2,0
2026-02-13 23:07:00,2026-02-13 22:07:00,1771020420,CADCHF_otc,0.55350,0.55367,0.55304,0.55362,375,2,0
2026-02-13 23:08:00,2026-02-13 22:08:00,1771020480,CADCHF_otc,0.55356,0.55367,0.55286,0.55337,315,2,0
2026-02-13 23:09:00,2026-02-13 22:09:00,1771020540,CADCHF_otc,0.55333,0.55333,0.55216,0.55296,255,2,0
2026-02-13 23:10:00,2026-02-13 22:10:00,1771020600,CADCHF_otc,0.55296,0.55445,0.55294,0.55443,195,2,0
2026-02-13 23:11:00,2026-02-13 22:11:00,1771020660,CADCHF_otc,0.55447,0.55527,0.55422,0.55510,135,2,0
2026-02-13 23:12:00,2026-02-13 22:12:00,1771020720,CADCHF_otc,0.55510,0.55566,0.55476,0.55513,75,2,0
2026-02-13 23:13:00,2026-02-13 22:13:00,1771020780,CADCHF_otc,0.55518,0.55541,0.55458,0.55532,15,2,0
2026-02-13 23:14:00,2026-02-13 22:14:00,1771020840,CADCHF_otc,0.55539,0.55578,0.55526,0.55554,3,2,0
2026-02-13 23:15:00,2026-02-13 22:15:00,1771020900,CADCHF_otc,0.55557,0.55597,0.55497,0.55502,3,2,0
2026-02-13 23:16:00,2026-02-13 22:16:00,1771020960,CADCHF_otc,0.55502,0.55598,0.55495,0.55598,3,2,0
2026-02-13 23:17:00,2026-02-13 22:17:00,1771021020,CADCHF_otc,0.55598,0.55629,0.55559,0.55579,3,2,0
2026-02-13 23:18:00,2026-02-13 22:18:00,1771021080,CADCHF_otc,0.55575,0.55665,0.55572,0.55597,3,2,0
2026-02-13 23:19:00,2026-02-13 22:19:00,1771021140,CADCHF_otc,0.55602,0.55874,0.55602,0.55874,3,2,0
2026-02-13 23:20:00,2026-02-13 22:20:00,1771021200,CADCHF_otc,0.55874,0.55967,0.55849,0.55849,3,2,0
2026-02-13 23:21:00,2026-02-13 22:21:00,1771021260,CADCHF_otc,0.55851,0.55861,0.55771,0.55776,3,2,0
2026-02-13 23:22:00,2026-02-13 22:22:00,1771021320,CADCHF_otc,0.55776,0.55806,0.55703,0.55724,3,2,0
2026-02-13 23:23:00,2026-02-13 22:23:00,1771021380,CADCHF_otc,0.55724,0.55795,0.55687,0.55795,3,2,0
2026-02-13 23:24:00,2026-02-13 22:24:00,1771021440,CADCHF_otc,0.55797,0.55806,0.55664,0.55676,4,2,0
2026-02-13 23:25:00,2026-02-13 22:25:00,1771021500,CADCHF_otc,0.55676,0.55770,0.55637,0.55761,3,2,0
2026-02-13 23:26:00,2026-02-13 22:26:00,1771021560,CADCHF_otc,0.55761,0.55902,0.55759,0.55880,3,2,0
2026-02-13 23:27:00,2026-02-13 22:27:00,1771021620,CADCHF_otc,0.55890,0.55923,0.55844,0.55887,4,2,0
2026-02-13 23:28:00,2026-02-13 22:28:00,1771021680,CADCHF_otc,0.55902,0.55906,0.55831,0.55869,3,2,0
2026-02-13 23:29:00,2026-02-13 22:29:00,1771021740,CADCHF_otc,0.55873,0.55936,0.55867,0.55936,3,2,0
2026-02-13 23:30:00,2026-02-13 22:30:00,1771021800,CADCHF_otc,0.55942,0.55947,0.55830,0.55891,3,2,0
2026-02-13 23:31:00,2026-02-13 22:31:00,1771021860,CADCHF_otc,0.55891,0.55891,0.55802,0.55878,3,2,0
2026-02-13 23:32:00,2026-02-13 22:32:00,1771021920,CADCHF_otc,0.55878,0.55960,0.55799,0.55825,3,2,0
2026-02-13 23:33:00,2026-02-13 22:33:00,1771021980,CADCHF_otc,0.55828,0.55926,0.55813,0.55862,3,2,0
2026-02-13 23:34:00,2026-02-13 22:34:00,1771022040,CADCHF_otc,0.55858,0.55878,0.55812,0.55875,3,2,0
2026-02-13 23:35:00,2026-02-13 22:35:00,1771022100,CADCHF_otc,0.55875,0.55920,0.55838,0.55894,3,2,0
2026-02-13 23:36:00,2026-02-13 22:36:00,1771022160,CADCHF_otc,0.55897,0.56004,0.55886,0.55914,3,2,0
2026-02-13 23:37:00,2026-02-13 22:37:00,1771022220,CADCHF_otc,0.55920,0.55920,0.55868,0.55890,3,2,0
2026-02-13 23:38:00,2026-02-13 22:38:00,1771022280,CADCHF_otc,0.55897,0.56052,0.55897,0.56038,3,2,0
2026-02-13 23:39:00,2026-02-13 22:39:00,1771022340,CADCHF_otc,0.56041,0.56106,0.56039,0.56098,3,2,0
2026-02-13 23:40:00,2026-02-13 22:40:00,1771022400,CADCHF_otc,0.56082,0.56082,0.56002,0.56067,3,2,0
2026-02-13 23:41:00,2026-02-13 22:41:00,1771022460,CADCHF_otc,0.56058,0.56069,0.55903,0.55942,4,2,0
2026-02-13 23:42:00,2026-02-13 22:42:00,1771022520,CADCHF_otc,0.55939,0.56009,0.55915,0.55978,3,2,0
2026-02-13 23:43:00,2026-02-13 22:43:00,1771022580,CADCHF_otc,0.55975,0.55986,0.55902,0.55955,3,2,0
2026-02-13 23:44:00,2026-02-13 22:44:00,1771022640,CADCHF_otc,0.55955,0.55960,0.55892,0.55918,3,2,0
2026-02-13 23:45:00,2026-02-13 22:45:00,1771022700,CADCHF_otc,0.55918,0.55961,0.55880,0.55884,3,2,0
2026-02-13 23:46:00,2026-02-13 22:46:00,1771022760,CADCHF_otc,0.55884,0.56015,0.55843,0.56015,3,2,0
2026-02-13 23:47:00,2026-02-13 22:47:00,1771022820,CADCHF_otc,0.56015,0.56107,0.55979,0.56088,3,2,0
2026-02-13 23:48:00,2026-02-13 22:48:00,1771022880,CADCHF_otc,0.56088,0.56263,0.56087,0.56237,4,2,0
2026-02-13 23:49:00,2026-02-13 22:49:00,1771022940,CADCHF_otc,0.56237,0.56330,0.56226,0.56248,3,2,0
2026-02-13 23:50:00,2026-02-13 22:50:00,1771023000,CADCHF_otc,0.56248,0.56311,0.56223,0.56292,4,2,0
