ts,symbol,status,open,high,low,close,upper,lower,is_cross
1771157220,CHFJPY_otc,LIVE,200.042,200.13,200.042,200.098,1,0,0
1771157280,CHFJPY_otc,LIVE,200.098,200.131,200.048,200.05,1,1,1
1771157340,CHFJPY_otc,LIVE,200.05,200.058,199.9,199.903,1,1,1
1771157400,CHFJPY_otc,LIVE,199.9,200.023,199.876,200.019,1,1,1
1771157460,CHFJPY_otc,LIVE,200.019,200.114,200.011,200.085,1,1,1
1771157520,CHFJPY_otc,LIVE,200.085,200.089,199.872,199.901,1,1,1
1771157580,CHFJPY_otc,LIVE,199.901,200.011,199.873,199.886,1,1,1
1771157640,CHFJPY_otc,LIVE,199.886,199.927,199.833,199.838,1,1,1
1771157700,CHFJPY_otc,LIVE,199.838,199.854,199.682,199.682,1,0,0
1771157760,CHFJPY_otc,LIVE,199.682,199.837,199.682,199.808,1,0,0
1771157820,CHFJPY_otc,LIVE,199.808,199.877,199.758,199.874,1,1,1
1771157880,CHFJPY_otc,LIVE,199.87,199.968,199.87,199.926,1,0,0
1771157940,CHFJPY_otc,LIVE,199.919,199.919,199.692,199.709,0,1,0
1771158000,CHFJPY_otc,LIVE,199.713,199.802,199.698,199.798,1,1,1
1771158060,CHFJPY_otc,LIVE,199.798,199.853,199.794,199.834,1,1,1
1771158120,CHFJPY_otc,LIVE,199.834,199.834,199.749,199.775,0,1,0
1771158180,CHFJPY_otc,LIVE,199.768,199.889,199.72,199.871,1,1,1
1771158240,CHFJPY_otc,LIVE,199.874,199.919,199.83,199.868,1,1,1
1771158300,CHFJPY_otc,LIVE,199.871,199.891,199.769,199.783,1,1,1
1771158360,CHFJPY_otc,LIVE,199.787,199.975,199.758,199.962,1,1,1
1771158420,CHFJPY_otc,LIVE,199.956,199.956,199.818,199.913,0,1,0
1771158480,CHFJPY_otc,LIVE,199.918,199.948,199.882,199.904,1,1,1
1771158540,CHFJPY_otc,LIVE,199.901,199.969,199.875,199.961,1,1,1
1771158600,CHFJPY_otc,LIVE,199.957,200.028,199.908,199.991,1,1,1
1771158660,CHFJPY_otc,LIVE,199.988,200.115,199.981,200.105,1,1,1
1771158720,CHFJPY_otc,LIVE,200.102,200.131,199.981,199.984,1,1,1
1771158780,CHFJPY_otc,LIVE,199.981,200.043,199.949,200.017,1,1,1
1771158840,CHFJPY_otc,LIVE,200.014,200.12,200.01,200.11,1,1,1
1771158900,CHFJPY_otc,LIVE,200.115,200.158,200.003,200.047,1,1,1
1771158960,CHFJPY_otc,LIVE,200.051,200.051,199.952,199.952,0,0,0
1771159020,CHFJPY_otc,LIVE,199.952,200.023,199.916,199.918,1,1,1
1771159080,CHFJPY_otc,LIVE,199.918,200.073,199.909,199.947,1,1,1
1771159140,CHFJPY_otc,LIVE,199.947,200.155,199.909,200.127,1,1,1
1771159200,CHFJPY_otc,LIVE,200.127,200.261,200.097,200.211,1,1,1
1771159260,CHFJPY_otc,LIVE,200.217,200.26,200.128,200.144,1,1,1
1771159320,CHFJPY_otc,LIVE,200.144,200.155,200.015,200.015,1,0,0
1771159380,CHFJPY_otc,LIVE,200.015,200.104,199.982,200.067,1,1,1
1771159440,CHFJPY_otc,LIVE,200.067,200.106,199.947,199.968,1,1,1
1771159500,CHFJPY_otc,LIVE,199.965,200.115,199.963,200.093,1,1,1
1771159560,CHFJPY_otc,LIVE,200.089,200.221,200.059,200.208,1,1,1
1771159620,CHFJPY_otc,LIVE,200.208,200.281,200.192,200.244,1,1,1
1771159680,CHFJPY_otc,LIVE,200.244,200.269,200.192,200.24,1,1,1
1771159740,CHFJPY_otc,LIVE,200.24,200.3,200.184,200.238,1,1,1
1771159800,CHFJPY_otc,LIVE,200.234,200.246,200.153,200.203,1,1,1
1771159860,CHFJPY_otc,LIVE,200.197,200.197,200.077,200.086,0,1,0
1771159920,CHFJPY_otc,LIVE,200.091,200.145,200.069,200.111,1,1,1
1771159980,CHFJPY_otc,LIVE,200.118,200.137,199.987,200.035,1,1,1
1771160040,CHFJPY_otc,LIVE,200.03,200.049,199.972,199.982,1,1,1
1771160100,CHFJPY_otc,LIVE,199.986,200.107,199.986,200.093,1,0,0
1771160160,CHFJPY_otc,LIVE,200.098,200.357,200.078,200.316,1,1,1
1771160220,CHFJPY_otc,LIVE,200.319,200.394,200.252,200.385,1,1,1
1771160280,CHFJPY_otc,LIVE,200.373,200.444,200.321,200.357,1,1,1
1771160340,CHFJPY_otc,LIVE,200.361,200.38,200.304,200.33,1,1,1
1771160400,CHFJPY_otc,LIVE,200.33,200.361,200.238,200.29,1,1,1
1771160460,CHFJPY_otc,LIVE,200.29,200.407,200.28,200.324,1,1,1
1771160520,CHFJPY_otc,LIVE,200.327,200.479,200.327,200.46,1,0,0
1771160580,CHFJPY_otc,LIVE,200.463,200.463,200.366,200.374,0,1,0
1771160640,CHFJPY_otc,LIVE,200.374,200.413,200.346,200.375,1,1,1
1771160700,CHFJPY_otc,LIVE,200.375,200.4,200.183,200.183,1,0,0
1771160760,CHFJPY_otc,LIVE,200.183,200.21,200.115,200.194,1,1,1
1771160820,CHFJPY_otc,LIVE,200.194,200.194,200.117,200.118,0,1,0
1771160880,CHFJPY_otc,LIVE,200.131,200.155,200.05,200.07,1,1,1
1771160940,CHFJPY_otc,LIVE,200.07,200.102,199.919,199.922,1,1,1
1771161000,CHFJPY_otc,LIVE,199.922,199.968,199.863,199.886,1,1,1
1771161060,CHFJPY_otc,LIVE,199.886,199.966,199.885,199.908,1,1,1
1771161120,CHFJPY_otc,LIVE,199.903,199.97,199.829,199.843,1,1,1
1771161180,CHFJPY_otc,LIVE,199.839,199.882,199.74,199.752,1,1,1
1771161240,CHFJPY_otc,LIVE,199.746,199.771,199.623,199.66,1,1,1
1771161300,CHFJPY_otc,LIVE,199.66,199.745,199.647,199.745,0,1,0
1771161360,CHFJPY_otc,LIVE,199.736,199.74,199.645,199.665,1,1,1
1771161420,CHFJPY_otc,LIVE,199.653,199.69,199.606,199.64,1,1,1
1771161480,CHFJPY_otc,LIVE,199.635,199.646,199.53,199.546,1,1,1
1771161540,CHFJPY_otc,LIVE,199.546,199.566,199.495,199.522,1,1,1
1771161600,CHFJPY_otc,LIVE,199.518,199.545,199.468,199.494,1,1,1
1771161660,CHFJPY_otc,LIVE,199.501,199.607,199.495,199.564,1,1,1
1771161720,CHFJPY_otc,LIVE,199.572,199.621,199.518,199.579,1,1,1
1771161780,CHFJPY_otc,LIVE,199.576,199.598,199.466,199.481,1,1,1
1771161840,CHFJPY_otc,LIVE,199.478,199.513,199.441,199.492,1,1,1
1771161900,CHFJPY_otc,LIVE,199.499,199.512,199.4,199.488,1,1,1
1771161960,CHFJPY_otc,LIVE,199.482,199.482,199.348,199.439,0,1,0
1771162020,CHFJPY_otc,LIVE,199.443,199.49,199.343,199.467,1,1,1
1771162080,CHFJPY_otc,LIVE,199.447,199.463,199.335,199.37,1,1,1
1771162140,CHFJPY_otc,LIVE,199.37,199.392,199.289,199.37,1,1,1
1771162200,CHFJPY_otc,LIVE,199.37,199.387,199.285,199.368,1,1,1
1771162260,CHFJPY_otc,LIVE,199.368,199.444,199.343,199.386,1,1,1
1771162320,CHFJPY_otc,LIVE,199.392,199.412,199.314,199.339,1,1,1
1771162380,CHFJPY_otc,LIVE,199.335,199.371,199.258,199.288,1,1,1
1771162440,CHFJPY_otc,LIVE,199.288,199.349,199.232,199.235,1,1,1
1771162500,CHFJPY_otc,LIVE,199.235,199.243,199.113,199.117,1,1,1
1771162560,CHFJPY_otc,LIVE,199.129,199.176,199.073,199.073,1,0,0
1771162620,CHFJPY_otc,LIVE,199.076,199.126,198.986,198.986,1,0,0
1771162680,CHFJPY_otc,LIVE,198.984,199.082,198.981,199.026,1,1,1
1771162740,CHFJPY_otc,LIVE,199.026,199.113,198.994,199.003,1,1,1
1771162800,CHFJPY_otc,LIVE,199.003,199.003,198.949,198.978,0,1,0
1771162860,CHFJPY_otc,LIVE,198.984,199.01,198.891,198.991,1,1,1
1771162920,CHFJPY_otc,LIVE,198.986,199.003,198.88,198.894,1,1,1
1771162980,CHFJPY_otc,LIVE,198.888,198.924,198.828,198.867,1,1,1
1771163040,CHFJPY_otc,LIVE,198.87,198.887,198.757,198.785,1,1,1
1771163100,CHFJPY_otc,LIVE,198.785,198.785,198.657,198.662,0,1,0
1771163160,CHFJPY_otc,LIVE,198.655,198.799,198.653,198.787,1,1,1
1771163220,CHFJPY_otc,LIVE,198.794,198.845,198.776,198.808,1,1,1
1771163280,CHFJPY_otc,LIVE,198.805,198.826,198.75,198.783,1,1,1
1771163340,CHFJPY_otc,LIVE,198.777,198.832,198.684,198.694,1,1,1
1771163400,CHFJPY_otc,LIVE,198.691,198.748,198.666,198.675,1,1,1
1771163460,CHFJPY_otc,LIVE,198.671,198.822,198.665,198.764,1,1,1
1771163520,CHFJPY_otc,LIVE,198.764,198.903,198.764,198.87,1,0,0
1771163580,CHFJPY_otc,LIVE,198.87,198.914,198.865,198.878,1,1,1
1771163640,CHFJPY_otc,LIVE,198.878,198.954,198.812,198.904,1,1,1
1771163700,CHFJPY_otc,LIVE,198.907,199.021,198.891,198.991,1,1,1
1771163760,CHFJPY_otc,LIVE,198.991,199.09,198.985,199.08,1,1,1
1771163820,CHFJPY_otc,LIVE,199.08,199.109,198.98,199.026,1,1,1
1771163460,CHFJPY_otc,LIVE,198.671,198.822,198.665,198.764,1,1,1
1771163520,CHFJPY_otc,LIVE,198.764,198.903,198.764,198.87,1,0,0
1771163580,CHFJPY_otc,LIVE,198.87,198.914,198.865,198.878,1,1,1
1771163640,CHFJPY_otc,LIVE,198.878,198.954,198.812,198.904,1,1,1
1771163700,CHFJPY_otc,LIVE,198.907,199.021,198.891,198.991,1,1,1
1771163760,CHFJPY_otc,LIVE,198.991,199.09,198.985,199.08,1,1,1
1771163820,CHFJPY_otc,LIVE,199.08,199.109,198.98,199.026,1,1,1
1771163460,CHFJPY_otc,LIVE,198.671,198.822,198.665,198.764,1,1,1
1771163520,CHFJPY_otc,LIVE,198.764,198.903,198.764,198.87,1,0,0
1771163580,CHFJPY_otc,LIVE,198.87,198.914,198.865,198.878,1,1,1
1771163640,CHFJPY_otc,LIVE,198.878,198.954,198.812,198.904,1,1,1
1771163700,CHFJPY_otc,LIVE,198.907,199.021,198.891,198.991,1,1,1
1771163760,CHFJPY_otc,LIVE,198.991,199.09,198.985,199.08,1,1,1
1771163820,CHFJPY_otc,LIVE,199.08,199.109,198.98,199.026,1,1,1
1771163880,CHFJPY_otc,LIVE,199.026,199.077,198.978,198.998,1,1,1
1771163940,CHFJPY_otc,LIVE,198.99,199.034,198.949,198.989,1,1,1
1771164000,CHFJPY_otc,LIVE,198.989,199.087,198.985,198.985,1,0,0
1771164060,CHFJPY_otc,LIVE,198.985,198.985,198.858,198.879,0,1,0
1771163880,CHFJPY_otc,LIVE,199.026,199.077,198.978,198.998,1,1,1
1771163940,CHFJPY_otc,LIVE,198.99,199.034,198.949,198.989,1,1,1
1771164000,CHFJPY_otc,LIVE,198.989,199.087,198.985,198.985,1,0,0
1771164060,CHFJPY_otc,LIVE,198.985,198.985,198.858,198.879,0,1,0
1771163880,CHFJPY_otc,LIVE,199.026,199.077,198.978,198.998,1,1,1
1771163940,CHFJPY_otc,LIVE,198.99,199.034,198.949,198.989,1,1,1
1771164000,CHFJPY_otc,LIVE,198.989,199.087,198.985,198.985,1,0,0
1771164060,CHFJPY_otc,LIVE,198.985,198.985,198.858,198.879,0,1,0
1771164120,CHFJPY_otc,LIVE,198.879,198.897,198.805,198.826,1,1,1
1771164180,CHFJPY_otc,LIVE,198.838,198.905,198.8,198.898,1,1,1
1771164240,CHFJPY_otc,LIVE,198.916,199.023,198.912,198.989,1,1,1
1771164300,CHFJPY_otc,LIVE,198.989,198.992,198.882,198.939,1,1,1
1771164360,CHFJPY_otc,LIVE,198.939,199.015,198.926,198.97,1,1,1
1771164420,CHFJPY_otc,LIVE,198.981,199.034,198.938,198.938,1,0,0
1771164480,CHFJPY_otc,LIVE,198.938,198.955,198.825,198.825,1,0,0
1771164540,CHFJPY_otc,LIVE,198.825,198.925,198.810,198.814,1,1,1
1771164600,CHFJPY_otc,LIVE,198.805,198.846,198.757,198.830,1,1,1
1771164660,CHFJPY_otc,LIVE,198.827,198.834,198.687,198.765,1,1,1
1771164720,CHFJPY_otc,LIVE,198.768,198.821,198.752,198.781,1,1,1
1771164780,CHFJPY_otc,LIVE,198.768,198.814,198.707,198.800,1,1,1
1771164840,CHFJPY_otc,LIVE,198.789,198.828,198.753,198.806,1,1,1
1771164900,CHFJPY_otc,LIVE,198.810,198.995,198.796,198.995,0,1,0
1771164960,CHFJPY_otc,LIVE,198.991,199.087,198.950,198.958,1,1,1
1771165020,CHFJPY_otc,LIVE,198.951,198.955,198.884,198.923,1,1,1
1771165080,CHFJPY_otc,LIVE,198.911,198.974,198.825,198.925,1,1,1
1771165140,CHFJPY_otc,LIVE,198.930,198.960,198.825,198.834,1,1,1
1771165200,CHFJPY_otc,LIVE,198.834,198.906,198.793,198.803,1,1,1
1771165260,CHFJPY_otc,LIVE,198.803,198.952,198.803,198.896,1,0,0
1771165320,CHFJPY_otc,LIVE,198.892,199.002,198.892,198.940,1,0,0
1771165380,CHFJPY_otc,LIVE,198.947,199.017,198.920,198.991,1,1,1
1771165440,CHFJPY_otc,LIVE,198.991,199.042,198.901,199.034,1,1,1
1771165500,CHFJPY_otc,LIVE,199.034,199.034,198.973,199.024,0,1,0
1771165560,CHFJPY_otc,LIVE,199.021,199.068,199.000,199.057,1,1,1
1771165620,CHFJPY_otc,LIVE,199.057,199.067,198.884,198.899,1,1,1
1771165680,CHFJPY_otc,LIVE,198.899,198.931,198.855,198.927,1,1,1
1771165740,CHFJPY_otc,LIVE,198.927,198.971,198.843,198.865,1,1,1
1771165800,CHFJPY_otc,LIVE,198.865,198.922,198.827,198.845,1,1,1
1771165860,CHFJPY_otc,LIVE,198.854,198.919,198.816,198.828,1,1,1
1771165920,CHFJPY_otc,LIVE,198.820,198.882,198.777,198.777,1,0,0
1771165980,CHFJPY_otc,LIVE,198.763,198.773,198.609,198.616,1,1,1
1771166040,CHFJPY_otc,LIVE,198.616,198.674,198.599,198.636,1,1,1
1771166100,CHFJPY_otc,LIVE,198.636,198.687,198.577,198.640,1,1,1
1771166160,CHFJPY_otc,LIVE,198.633,198.668,198.599,198.645,1,1,1
1771166220,CHFJPY_otc,LIVE,198.637,198.654,198.607,198.632,1,1,1
1771166280,CHFJPY_otc,LIVE,198.637,198.657,198.447,198.453,1,1,1
1771166340,CHFJPY_otc,LIVE,198.449,198.466,198.333,198.361,1,1,1
1771166400,CHFJPY_otc,LIVE,198.358,198.450,198.358,198.386,1,0,0
1771166460,CHFJPY_otc,LIVE,198.390,198.426,198.326,198.337,1,1,1
1771166520,CHFJPY_otc,LIVE,198.337,198.435,198.323,198.378,1,1,1
1771166580,CHFJPY_otc,LIVE,198.382,198.427,198.369,198.371,1,1,1
1771166640,CHFJPY_otc,LIVE,198.374,198.387,198.300,198.366,1,1,1
1771166700,CHFJPY_otc,LIVE,198.360,198.372,198.275,198.372,0,1,0
1771166760,CHFJPY_otc,LIVE,198.372,198.462,198.362,198.440,1,1,1
1771166820,CHFJPY_otc,LIVE,198.440,198.591,198.440,198.581,1,0,0
1771166880,CHFJPY_otc,LIVE,198.570,198.697,198.570,198.580,1,0,0
1771166940,CHFJPY_otc,LIVE,198.584,198.584,198.474,198.474,0,0,0
1771167000,CHFJPY_otc,LIVE,198.477,198.608,198.477,198.526,1,0,0
1771167060,CHFJPY_otc,LIVE,198.539,198.552,198.454,198.499,1,1,1
1771167120,CHFJPY_otc,LIVE,198.499,198.505,198.435,198.440,1,1,1
1771167180,CHFJPY_otc,LIVE,198.440,198.525,198.397,198.500,1,1,1
1771167240,CHFJPY_otc,LIVE,198.500,198.626,198.493,198.528,1,1,1
1771167300,CHFJPY_otc,LIVE,198.528,198.577,198.444,198.573,1,1,1
1771167360,CHFJPY_otc,LIVE,198.570,198.664,198.561,198.610,1,1,1
1771167420,CHFJPY_otc,LIVE,198.595,198.621,198.473,198.478,1,1,1
1771167480,CADCHF_otc,LIVE,0.599,0.599,0.598,0.598,0,1,0
1771167540,CADCHF_otc,LIVE,0.598,0.598,0.598,0.598,0,1,0
1771167600,CADCHF_otc,LIVE,0.598,0.599,0.598,0.598,1,1,1
1771167660,CADCHF_otc,LIVE,0.598,0.599,0.598,0.599,0,1,0
1771167720,CADCHF_otc,LIVE,0.599,0.600,0.599,0.600,1,1,1
1771167780,CADCHF_otc,LIVE,0.600,0.600,0.599,0.600,1,1,1
1771167840,CADCHF_otc,LIVE,0.600,0.600,0.599,0.600,1,1,1
1771167900,CADCHF_otc,LIVE,0.600,0.601,0.600,0.600,1,1,1
1771167960,CADCHF_otc,LIVE,0.600,0.600,0.600,0.600,1,1,1
1771168020,CADCHF_otc,LIVE,0.600,0.601,0.600,0.601,1,1,1
1771168080,CADCHF_otc,LIVE,0.601,0.602,0.600,0.601,1,1,1
1771163760,CHFJPY_otc,LIVE,198.991,199.09,198.985,199.08,1,1,1
1771163820,CHFJPY_otc,LIVE,199.08,199.109,198.98,199.026,1,1,1
1771163880,CHFJPY_otc,LIVE,199.026,199.077,198.978,198.998,1,1,1
1771163940,CHFJPY_otc,LIVE,198.99,199.034,198.949,198.989,1,1,1
1771164000,CHFJPY_otc,LIVE,198.989,199.087,198.985,198.985,1,0,0
1771164060,CHFJPY_otc,LIVE,198.985,198.985,198.858,198.879,0,1,0
1771164120,CHFJPY_otc,LIVE,198.879,198.897,198.805,198.826,1,1,1
1771164180,CHFJPY_otc,LIVE,198.838,198.905,198.8,198.898,1,1,1
1771164240,CHFJPY_otc,LIVE,198.916,199.023,198.912,198.989,1,1,1
1771164300,CHFJPY_otc,LIVE,198.989,198.992,198.882,198.939,1,1,1
1771164360,CHFJPY_otc,LIVE,198.939,199.015,198.926,198.97,1,1,1
1771164420,CHFJPY_otc,LIVE,198.981,199.034,198.938,198.938,1,0,0
1771164480,CHFJPY_otc,LIVE,198.938,198.955,198.825,198.825,1,0,0
1771164540,CHFJPY_otc,LIVE,198.825,198.925,198.81,198.814,1,1,1
1771164600,CHFJPY_otc,LIVE,198.805,198.846,198.757,198.83,1,1,1
1771164660,CHFJPY_otc,LIVE,198.827,198.834,198.687,198.765,1,1,1
1771164720,CHFJPY_otc,LIVE,198.768,198.821,198.752,198.781,1,1,1
1771164780,CHFJPY_otc,LIVE,198.768,198.814,198.707,198.8,1,1,1
1771164840,CHFJPY_otc,LIVE,198.789,198.828,198.753,198.806,1,1,1
1771164900,CHFJPY_otc,LIVE,198.81,198.995,198.796,198.995,0,1,0
1771164960,CHFJPY_otc,LIVE,198.991,199.087,198.95,198.958,1,1,1
1771165020,CHFJPY_otc,LIVE,198.951,198.955,198.884,198.923,1,1,1
1771165080,CHFJPY_otc,LIVE,198.911,198.974,198.825,198.925,1,1,1
1771165140,CHFJPY_otc,LIVE,198.93,198.96,198.825,198.834,1,1,1
1771165200,CHFJPY_otc,LIVE,198.834,198.906,198.793,198.803,1,1,1
1771165260,CHFJPY_otc,LIVE,198.803,198.952,198.803,198.896,1,0,0
1771165320,CHFJPY_otc,LIVE,198.892,199.002,198.892,198.94,1,0,0
1771165380,CHFJPY_otc,LIVE,198.947,199.017,198.92,198.991,1,1,1
1771165440,CHFJPY_otc,LIVE,198.991,199.042,198.901,199.034,1,1,1
1771165500,CHFJPY_otc,LIVE,199.034,199.034,198.973,199.024,0,1,0
1771165560,CHFJPY_otc,LIVE,199.021,199.068,199.0,199.057,1,1,1
1771165620,CHFJPY_otc,LIVE,199.057,199.067,198.884,198.899,1,1,1
1771165680,CHFJPY_otc,LIVE,198.899,198.931,198.855,198.927,1,1,1
1771165740,CHFJPY_otc,LIVE,198.927,198.971,198.843,198.865,1,1,1
1771165800,CHFJPY_otc,LIVE,198.865,198.922,198.827,198.845,1,1,1
1771165860,CHFJPY_otc,LIVE,198.854,198.919,198.816,198.828,1,1,1
1771165920,CHFJPY_otc,LIVE,198.82,198.882,198.777,198.777,1,0,0
1771165980,CHFJPY_otc,LIVE,198.763,198.773,198.609,198.616,1,1,1
1771166040,CHFJPY_otc,LIVE,198.616,198.674,198.599,198.636,1,1,1
1771166100,CHFJPY_otc,LIVE,198.636,198.687,198.577,198.64,1,1,1
1771166160,CHFJPY_otc,LIVE,198.633,198.668,198.599,198.645,1,1,1
1771166220,CHFJPY_otc,LIVE,198.637,198.654,198.607,198.632,1,1,1
1771166280,CHFJPY_otc,LIVE,198.637,198.657,198.447,198.453,1,1,1
1771166340,CHFJPY_otc,LIVE,198.449,198.466,198.333,198.361,1,1,1
1771166400,CHFJPY_otc,LIVE,198.358,198.45,198.358,198.386,1,0,0
1771166460,CHFJPY_otc,LIVE,198.39,198.426,198.326,198.337,1,1,1
1771166520,CHFJPY_otc,LIVE,198.337,198.435,198.323,198.378,1,1,1
1771166580,CHFJPY_otc,LIVE,198.382,198.427,198.369,198.371,1,1,1
1771166640,CHFJPY_otc,LIVE,198.374,198.387,198.3,198.366,1,1,1
1771166700,CHFJPY_otc,LIVE,198.36,198.372,198.275,198.372,0,1,0
1771166760,CHFJPY_otc,LIVE,198.372,198.462,198.362,198.44,1,1,1
1771166820,CHFJPY_otc,LIVE,198.44,198.591,198.44,198.581,1,0,0
1771166880,CHFJPY_otc,LIVE,198.57,198.697,198.57,198.58,1,0,0
1771166940,CHFJPY_otc,LIVE,198.584,198.584,198.474,198.474,0,0,0
1771167000,CHFJPY_otc,LIVE,198.477,198.608,198.477,198.526,1,0,0
1771167060,CHFJPY_otc,LIVE,198.539,198.552,198.454,198.499,1,1,1
1771167120,CHFJPY_otc,LIVE,198.499,198.505,198.435,198.44,1,1,1
1771167180,CHFJPY_otc,LIVE,198.44,198.525,198.397,198.5,1,1,1
1771167240,CHFJPY_otc,LIVE,198.5,198.626,198.493,198.528,1,1,1
1771167300,CHFJPY_otc,LIVE,198.528,198.577,198.444,198.573,1,1,1
1771167360,CHFJPY_otc,LIVE,198.57,198.664,198.561,198.61,1,1,1
1771167420,CHFJPY_otc,LIVE,198.595,198.621,198.473,198.478,1,1,1
1771167480,CHFJPY_otc,LIVE,198.478,198.545,198.474,198.524,1,1,1
1771167540,CHFJPY_otc,LIVE,198.524,198.525,198.358,198.379,1,1,1
1771167600,CHFJPY_otc,LIVE,198.385,198.42,198.356,198.388,1,1,1
1771167660,CHFJPY_otc,LIVE,198.407,198.43,198.361,198.365,1,1,1
1771167720,CHFJPY_otc,LIVE,198.36,198.435,198.341,198.434,1,1,1
1771167780,CHFJPY_otc,LIVE,198.43,198.438,198.263,198.277,1,1,1
1771167840,CHFJPY_otc,LIVE,198.274,198.31,198.225,198.239,1,1,1
1771167900,CHFJPY_otc,LIVE,198.249,198.287,198.206,198.27,1,1,1
1771167960,CHFJPY_otc,LIVE,198.274,198.394,198.274,198.342,1,0,0
1771168020,CHFJPY_otc,LIVE,198.336,198.377,198.201,198.221,1,1,1
1771168080,CHFJPY_otc,LIVE,198.224,198.375,198.216,198.336,1,1,1
1771168140,CHFJPY_otc,LIVE,198.333,198.373,198.179,198.182,1,1,1
1771168200,CHFJPY_otc,LIVE,198.186,198.231,198.16,198.195,1,1,1
1771168260,CHFJPY_otc,LIVE,198.198,198.277,198.181,198.262,1,1,1
1771168320,CHFJPY_otc,LIVE,198.262,198.36,198.249,198.36,0,1,0
1771168380,CHFJPY_otc,LIVE,198.36,198.396,198.298,198.389,1,1,1
1771168440,CHFJPY_otc,LIVE,198.389,198.525,198.378,198.484,1,1,1
1771168500,CHFJPY_otc,LIVE,198.477,198.485,198.396,198.455,1,1,1
1771168560,CHFJPY_otc,LIVE,198.455,198.54,198.409,198.445,1,1,1
1771168620,CHFJPY_otc,LIVE,198.445,198.472,198.266,198.266,1,0,0
1771168680,CHFJPY_otc,LIVE,198.266,198.349,198.266,198.349,0,0,0
1771168740,CHFJPY_otc,LIVE,198.352,198.409,198.323,198.356,1,1,1
1771168800,CHFJPY_otc,LIVE,198.36,198.426,198.29,198.413,1,1,1
1771168860,CHFJPY_otc,LIVE,198.418,198.455,198.356,198.451,1,1,1
1771168920,CHFJPY_otc,LIVE,198.451,198.479,198.357,198.36,1,1,1
1771168980,CHFJPY_otc,LIVE,198.36,198.42,198.328,198.366,1,1,1
1771169040,CHFJPY_otc,LIVE,198.372,198.389,198.196,198.212,1,1,1
1771169100,CHFJPY_otc,LIVE,198.218,198.249,198.136,198.149,1,1,1
1771169160,CHFJPY_otc,LIVE,198.149,198.189,198.101,198.171,1,1,1
1771169220,CHFJPY_otc,LIVE,198.167,198.398,198.143,198.389,1,1,1
1771169280,CHFJPY_otc,LIVE,198.389,198.421,198.342,198.394,1,1,1
1771169340,CHFJPY_otc,LIVE,198.391,198.391,198.266,198.276,0,1,0
1771169400,CHFJPY_otc,LIVE,198.272,198.274,198.03,198.058,1,1,1
1771169460,CHFJPY_otc,LIVE,198.052,198.105,198.021,198.083,1,1,1
1771169520,CHFJPY_otc,LIVE,198.083,198.111,197.986,198.009,1,1,1
1771169580,CHFJPY_otc,LIVE,198.012,198.012,197.9,197.919,0,1,0
1771169640,CHFJPY_otc,LIVE,197.913,197.968,197.898,197.937,1,1,1
1771169700,CHFJPY_otc,LIVE,197.933,198.093,197.923,198.093,0,1,0
1771169760,CHFJPY_otc,LIVE,198.096,198.203,198.092,198.18,1,1,1
1771169820,CHFJPY_otc,LIVE,198.18,198.283,198.175,198.282,1,1,1
1771169880,CHFJPY_otc,LIVE,198.282,198.357,198.253,198.337,1,1,1
1771169940,CHFJPY_otc,LIVE,198.337,198.448,198.319,198.398,1,1,1
1771170000,CHFJPY_otc,LIVE,198.393,198.484,198.37,198.447,1,1,1
1771170060,CHFJPY_otc,LIVE,198.459,198.543,198.444,198.528,1,1,1
1771170120,CHFJPY_otc,LIVE,198.528,198.638,198.5,198.628,1,1,1
1771170180,CHFJPY_otc,LIVE,198.628,198.684,198.616,198.641,1,1,1
1771170240,CHFJPY_otc,LIVE,198.641,198.691,198.608,198.684,1,1,1
1771170300,CHFJPY_otc,LIVE,198.687,198.775,198.68,198.759,1,1,1
1771170360,CHFJPY_otc,LIVE,198.759,198.806,198.745,198.782,1,1,1
1771170420,CHFJPY_otc,LIVE,198.782,198.854,198.734,198.845,1,1,1
1771170480,CHFJPY_otc,LIVE,198.845,198.882,198.779,198.882,0,1,0
1771170540,CHFJPY_otc,LIVE,198.885,198.966,198.857,198.919,1,1,1
1771170600,CHFJPY_otc,LIVE,198.916,198.941,198.811,198.817,1,1,1
1771170660,CHFJPY_otc,LIVE,198.811,198.844,198.739,198.83,1,1,1
1771170720,CHFJPY_otc,LIVE,198.836,198.941,198.832,198.935,1,1,1
1771170780,CHFJPY_otc,LIVE,198.935,199.116,198.844,199.116,0,1,0
1771170840,CHFJPY_otc,LIVE,199.11,199.413,199.102,199.374,1,1,1
1771170900,CHFJPY_otc,LIVE,199.377,199.392,199.349,199.365,1,1,1
1771170960,CHFJPY_otc,LIVE,199.362,199.479,199.348,199.463,1,1,1
1771171020,CHFJPY_otc,LIVE,199.468,199.601,199.457,199.576,1,1,1
1771171080,CHFJPY_otc,LIVE,199.576,199.583,199.443,199.443,1,0,0
1771171140,CHFJPY_otc,LIVE,199.437,199.466,199.36,199.391,1,1,1
1771171200,CHFJPY_otc,LIVE,199.391,199.395,199.243,199.282,1,1,1
1771171260,CHFJPY_otc,LIVE,199.285,199.325,199.218,199.292,1,1,1
1771171320,CHFJPY_otc,LIVE,199.283,199.283,199.102,199.128,0,1,0
1771171380,CHFJPY_otc,LIVE,199.132,199.206,199.099,199.182,1,1,1
1771171440,CHFJPY_otc,LIVE,199.182,199.379,199.159,199.365,1,1,1
1771171500,CHFJPY_otc,LIVE,199.365,199.486,199.363,199.443,1,1,1
1771171560,CHFJPY_otc,LIVE,199.443,199.523,199.422,199.434,1,1,1
1771171620,CHFJPY_otc,LIVE,199.444,199.616,199.438,199.601,1,1,1
1771171680,CHFJPY_otc,LIVE,199.601,199.627,199.514,199.59,1,1,1
1771171740,CHFJPY_otc,LIVE,199.59,199.59,199.468,199.529,0,1,0
1771171800,CHFJPY_otc,LIVE,199.529,199.54,199.389,199.41,1,1,1
1771171860,CHFJPY_otc,LIVE,199.406,199.438,199.367,199.372,1,1,1
1771171920,CHFJPY_otc,LIVE,199.369,199.389,199.301,199.302,1,1,1
1771171980,CHFJPY_otc,LIVE,199.302,199.337,199.21,199.21,1,0,0
1771172040,CHFJPY_otc,LIVE,199.21,199.218,199.044,199.064,1,1,1
1771172100,CHFJPY_otc,LIVE,199.059,199.206,199.056,199.167,1,1,1
1771172160,CHFJPY_otc,LIVE,199.163,199.21,199.121,199.166,1,1,1
1771172220,CHFJPY_otc,LIVE,199.166,199.227,199.131,199.131,1,0,0
1771172280,CHFJPY_otc,LIVE,199.135,199.204,199.117,199.169,1,1,1
1771172340,CHFJPY_otc,LIVE,199.194,199.279,199.164,199.277,1,1,1
1771172400,CHFJPY_otc,LIVE,199.277,199.413,199.26,199.386,1,1,1
1771172460,CHFJPY_otc,LIVE,199.393,199.464,199.38,199.444,1,1,1
1771172520,CHFJPY_otc,LIVE,199.444,199.479,199.369,199.378,1,1,1
1771172580,CHFJPY_otc,LIVE,199.382,199.422,199.305,199.389,1,1,1
1771172640,CHFJPY_otc,LIVE,199.392,199.407,199.278,199.283,1,1,1
1771172700,CHFJPY_otc,LIVE,199.277,199.279,199.097,199.167,1,1,1
1771172760,CHFJPY_otc,LIVE,199.171,199.192,199.083,199.134,1,1,1
1771172820,CHFJPY_otc,LIVE,199.134,199.207,199.06,199.203,1,1,1
1771172880,CHFJPY_otc,LIVE,199.224,199.334,199.196,199.301,1,1,1
1771172940,CHFJPY_otc,LIVE,199.304,199.432,199.276,199.405,1,1,1
1771173000,CHFJPY_otc,LIVE,199.402,199.471,199.36,199.464,1,1,1
1771173060,CHFJPY_otc,LIVE,199.464,199.475,199.234,199.254,1,1,1
1771173120,CHFJPY_otc,LIVE,199.254,199.292,199.111,199.121,1,1,1
1771173180,CHFJPY_otc,LIVE,199.121,199.25,199.093,199.238,1,1,1
1771173240,CHFJPY_otc,LIVE,199.235,199.297,199.18,199.243,1,1,1
1771173300,CHFJPY_otc,LIVE,199.246,199.31,199.175,199.202,1,1,1
1771173360,CHFJPY_otc,LIVE,199.202,199.326,199.184,199.321,1,1,1
1771173420,CHFJPY_otc,LIVE,199.321,199.397,199.3,199.318,1,1,1
1771173480,CHFJPY_otc,LIVE,199.318,199.407,199.307,199.389,1,1,1
1771173540,CHFJPY_otc,LIVE,199.399,199.506,199.399,199.506,0,0,0
1771173600,CHFJPY_otc,LIVE,199.506,199.569,199.479,199.483,1,1,1
1771173660,CHFJPY_otc,LIVE,199.483,199.491,199.341,199.384,1,1,1
1771173720,CHFJPY_otc,LIVE,199.384,199.386,199.278,199.282,1,1,1
1771173780,CHFJPY_otc,LIVE,199.285,199.517,199.281,199.517,0,1,0
